state,district,vaccinated1,vaccinated2,confirmed,recovered,deceased,tested,other
AN,Nicobars,62.0,811.0,,,,,
AN,North and Middle Andaman,90.0,1839.0,,,,,
AN,South Andaman,732.0,8012.0,,,,,
AN,Unknown,,,3.0,5.0,,,
AP,Anantapur,92803.0,140903.0,38.0,58.0,,,
AP,Chittoor,63824.0,119541.0,516.0,629.0,6.0,,
AP,East Godavari,36973.0,223236.0,604.0,520.0,,,
AP,Guntur,285377.0,156818.0,272.0,619.0,4.0,,
AP,Krishna,75352.0,230788.0,422.0,467.0,9.0,,
AP,Kurnool,178620.0,73119.0,25.0,26.0,,,
AP,Prakasam,137338.0,130213.0,103.0,290.0,3.0,,
AP,S.P.S. Nellore,96973.0,114393.0,155.0,235.0,2.0,,
AP,Srikakulam,18883.0,129575.0,132.0,72.0,,,
AP,Visakhapatnam,65301.0,207340.0,237.0,227.0,1.0,,
AP,Vizianagaram,44847.0,123576.0,53.0,38.0,1.0,,
AP,West Godavari,61021.0,146562.0,234.0,246.0,4.0,,
AP,Y.S.R. Kadapa,65843.0,90958.0,82.0,163.0,,,
AR,Anjaw,45.0,452.0,,,,,
AR,Changlang,298.0,3803.0,3.0,3.0,,,
AR,East Kameng,76.0,409.0,,,,,
AR,East Siang,365.0,2013.0,9.0,10.0,,,
AR,Kamle,36.0,185.0,,,,,
AR,Kra Daadi,5.0,23.0,,,,,
AR,Kurung Kumey,27.0,255.0,,,,,
AR,Lepa Rada,40.0,307.0,,1.0,,,
AR,Lohit,221.0,1494.0,9.0,3.0,,,
AR,Longding,46.0,356.0,1.0,,,,
AR,Lower Dibang Valley,171.0,931.0,14.0,3.0,,,
AR,Lower Siang,37.0,317.0,,,,,
AR,Lower Subansiri,85.0,767.0,5.0,2.0,,,
AR,Namsai,209.0,2436.0,4.0,16.0,,,
AR,Pakke Kessang,25.0,262.0,,,,,
AR,Papum Pare,1055.0,3799.0,7.0,12.0,,,
AR,Shi Yomi,2.0,153.0,1.0,10.0,,,
AR,Siang,40.0,197.0,,,,,
AR,Tawang,91.0,759.0,12.0,8.0,,,
AR,Tirap,35.0,631.0,,2.0,,,
AR,Upper Dibang Valley,3.0,11.0,,1.0,,,
AR,Upper Siang,38.0,411.0,,2.0,,,
AR,Upper Subansiri,93.0,1122.0,,,,,
AR,West Kameng,206.0,1914.0,1.0,21.0,,,
AR,West Siang,63.0,640.0,,3.0,,,
AS,Baksa,2992.0,15169.0,,,,,
AS,Barpeta,10495.0,48544.0,,,,,
AS,Biswanath,5661.0,35727.0,,,,,
AS,Bongaigaon,2784.0,18356.0,,,,,
AS,Cachar,26826.0,21591.0,,,,,
AS,Charaideo,1853.0,16868.0,,,,,
AS,Chirang,2488.0,9573.0,,,,,
AS,Darrang,17453.0,21800.0,,,,,
AS,Dhemaji,3423.0,15318.0,,,,,
AS,Dhubri,12450.0,25644.0,,,,,
AS,Dibrugarh,8869.0,38695.0,,,,,
AS,Dima Hasao,2532.0,3737.0,,,,,
AS,Goalpara,4013.0,30725.0,,,,,
AS,Golaghat,6525.0,51417.0,,,,,
AS,Hailakandi,1724.0,11247.0,,,,,
AS,Hojai,6217.0,36724.0,,,,,
AS,Jorhat,3383.0,39677.0,,,,,
AS,Kamrup,10451.0,45828.0,,,,,
AS,Kamrup Metropolitan,6625.0,38155.0,,,,,
AS,Karbi Anglong,13744.0,12778.0,,,,,
AS,Karimganj,5088.0,20659.0,,,,,
AS,Kokrajhar,3935.0,19711.0,,,,,
AS,Lakhimpur,5870.0,42164.0,,,,,
AS,Majuli,1524.0,7176.0,,,,,
AS,Morigaon,5298.0,27861.0,,,,,
AS,Nagaon,16396.0,36734.0,,,,,
AS,Nalbari,6785.0,25411.0,,,,,
AS,Sivasagar,1946.0,23104.0,,,,,
AS,Sonitpur,8341.0,48290.0,,,,,
AS,South Salmara Mankachar,1978.0,15304.0,,,,,
AS,Tinsukia,45002.0,22410.0,,,,,
AS,Udalguri,17371.0,19343.0,,,,,
AS,Unknown,,,2056.0,2215.0,24.0,,
AS,West Karbi Anglong,4593.0,4186.0,,,,,
BR,Araria,51331.0,69085.0,2.0,,,,
BR,Arwal,4059.0,17125.0,,,,,
BR,Aurangabad,25561.0,56431.0,,,,,
BR,Banka,24239.0,34077.0,,,,,
BR,Begusarai,33903.0,65735.0,2.0,7.0,,,
BR,Bhagalpur,49875.0,78088.0,1.0,1.0,,,
BR,Bhojpur,31626.0,53006.0,,,,,
BR,Buxar,14794.0,38792.0,,,,,
BR,Darbhanga,39165.0,82276.0,,1.0,,,
BR,East Champaran,29316.0,84760.0,2.0,,,,
BR,Gaya,72504.0,82490.0,,1.0,,,
BR,Gopalganj,31750.0,70093.0,,1.0,,,
BR,Jamui,24440.0,24005.0,,1.0,,,
BR,Jehanabad,12986.0,27200.0,,,,,
BR,Kaimur,19996.0,28681.0,,,,,
BR,Katihar,53448.0,75733.0,,1.0,,,
BR,Khagaria,15402.0,32372.0,,,,,
BR,Kishanganj,24597.0,25592.0,4.0,2.0,,,
BR,Lakhisarai,8894.0,16437.0,,,,,
BR,Madhepura,28832.0,43563.0,1.0,,,,
BR,Madhubani,28535.0,69785.0,3.0,,,,
BR,Munger,7445.0,33005.0,,1.0,,,
BR,Muzaffarpur,40686.0,80513.0,,1.0,,,
BR,Nalanda,36716.0,66091.0,,,,,
BR,Nawada,46619.0,35295.0,1.0,,,,
BR,Patna,35436.0,159875.0,14.0,8.0,,,
BR,Purnia,61212.0,74531.0,,,,,
BR,Rohtas,40918.0,59698.0,2.0,,,,
BR,Saharsa,106392.0,80718.0,,,,,
BR,Samastipur,48167.0,64119.0,2.0,2.0,,,
BR,Saran,41734.0,82407.0,5.0,2.0,,,
BR,Sheikhpura,4942.0,10739.0,,,,,
BR,Sheohar,2946.0,7111.0,,2.0,,,
BR,Sitamarhi,43474.0,60677.0,,,,,
BR,Siwan,18385.0,69069.0,,,,,
BR,Supaul,35486.0,71754.0,,,,,
BR,Vaishali,45426.0,59038.0,1.0,,,,
BR,West Champaran,42709.0,52019.0,,,,,
CH,Chandigarh,3680.0,21641.0,28.0,20.0,,10726.0,
CT,Balod,5983.0,9451.0,2.0,1.0,,,
CT,Baloda Bazar,25353.0,17419.0,,3.0,,,
CT,Balrampur,21912.0,17709.0,,,,,
CT,Bametara,14367.0,7690.0,1.0,,,,
CT,Bastar,10696.0,9616.0,24.0,2.0,,,
CT,Bijapur,1251.0,913.0,5.0,3.0,,,
CT,Bilaspur,18318.0,50320.0,17.0,8.0,2.0,,
CT,Dakshin Bastar Dantewada,2225.0,5410.0,6.0,2.0,,,
CT,Dhamtari,6188.0,7319.0,2.0,2.0,,,
CT,Durg,17012.0,22719.0,26.0,18.0,1.0,,
CT,Gariaband,9982.0,5872.0,1.0,,,,
CT,Gaurela Pendra Marwahi,4045.0,4587.0,1.0,,,,
CT,Janjgir Champa,45568.0,30991.0,19.0,8.0,1.0,,
CT,Jashpur,10933.0,13098.0,10.0,6.0,,,
CT,Kabeerdham,17511.0,17876.0,1.0,,,,
CT,Kondagaon,8359.0,7999.0,4.0,1.0,,,
CT,Korba,24033.0,24911.0,23.0,11.0,,,
CT,Koriya,15621.0,5751.0,6.0,,1.0,,
CT,Mahasamund,4416.0,72466.0,,1.0,,,
CT,Mungeli,15254.0,12880.0,1.0,2.0,,,
CT,Narayanpur,3057.0,1858.0,,1.0,,,
CT,Other State,,,4.0,3.0,,,
CT,Raigarh,5114.0,122838.0,8.0,8.0,,,
CT,Raipur,10441.0,40794.0,33.0,15.0,,,
CT,Rajnandgaon,15753.0,25270.0,5.0,3.0,,,
CT,Sukma,3208.0,5401.0,1.0,4.0,,,
CT,Surajpur,13506.0,13873.0,,,,,
CT,Surguja,29827.0,33226.0,2.0,,,,
CT,Uttar Bastar Kanker,17930.0,14621.0,3.0,1.0,,,
DL,Delhi,160323.0,269146.0,267.0,239.0,,395086.0,
DN,Dadra and Nagar Haveli,870.0,6759.0,,,,,
DN,Daman,1880.0,6793.0,,2.0,,,
DN,Diu,52.0,690.0,,,,,
GA,North Goa,4007.0,23958.0,,,,,
GA,South Goa,4401.0,22504.0,,,,,
GA,Unknown,,,222.0,409.0,6.0,,
GJ,Ahmedabad,47316.0,169891.0,22.0,14.0,,,
GJ,Amreli,5473.0,39398.0,,,,,
GJ,Anand,33012.0,46764.0,6.0,1.0,,,
GJ,Aravalli,1439.0,32201.0,,,,,
GJ,Banaskantha,16080.0,82985.0,,,,,
GJ,Bharuch,21270.0,45926.0,,,,,
GJ,Bhavnagar,19467.0,81374.0,1.0,,,,
GJ,Botad,929.0,14235.0,,,,,
GJ,Chhota Udaipur,699.0,19920.0,,,,,
GJ,Dahod,626.0,53547.0,,,,,
GJ,Dang,4140.0,3726.0,,,,,
GJ,Devbhumi Dwarka,4666.0,24924.0,,,,,
GJ,Gandhinagar,5475.0,36333.0,,,,,
GJ,Gir Somnath,8524.0,15341.0,2.0,2.0,,,
GJ,Jamnagar,9406.0,37158.0,5.0,3.0,,,
GJ,Junagadh,2660.0,71531.0,6.0,2.0,,,
GJ,Kheda,11668.0,73838.0,,1.0,,,
GJ,Kutch,8920.0,49662.0,5.0,1.0,,,
GJ,Mahisagar,62.0,16517.0,,,,,
GJ,Mehsana,7523.0,48550.0,,1.0,,,
GJ,Morbi,9950.0,20297.0,,,,,
GJ,Narmada,546.0,13890.0,,2.0,,,
GJ,Navsari,1852.0,29095.0,5.0,13.0,,,
GJ,Panchmahal,7294.0,44832.0,,,,,
GJ,Patan,3369.0,37745.0,,,,,
GJ,Porbandar,1140.0,13063.0,,,,,
GJ,Rajkot,17510.0,53546.0,7.0,7.0,,,
GJ,Sabarkantha,4232.0,45789.0,1.0,,,,
GJ,Surat,35083.0,115694.0,38.0,30.0,1.0,,
GJ,Surendranagar,18641.0,79795.0,,,,,
GJ,Tapi,3010.0,23409.0,,,,,
GJ,Vadodara,16527.0,182027.0,36.0,14.0,,,
GJ,Valsad,6616.0,36430.0,25.0,25.0,1.0,,
HP,Bilaspur,695.0,15071.0,133.0,77.0,,,
HP,Chamba,1439.0,18796.0,27.0,13.0,,,
HP,Hamirpur,713.0,26076.0,288.0,228.0,4.0,,
HP,Kangra,2399.0,39940.0,657.0,454.0,10.0,,
HP,Kinnaur,95.0,517.0,2.0,6.0,,,
HP,Kullu,889.0,9323.0,19.0,18.0,,,-1.0
HP,Lahaul and Spiti,30.0,412.0,,,,,
HP,Mandi,1156.0,26214.0,140.0,141.0,3.0,,
HP,Shimla,2224.0,37351.0,100.0,66.0,3.0,,
HP,Sirmaur,1388.0,22247.0,1.0,,,,
HP,Solan,1393.0,21242.0,25.0,27.0,,,
HP,Una,824.0,16782.0,145.0,124.0,,,
HR,Ambala,3021.0,25458.0,2.0,1.0,,,
HR,Bhiwani,6166.0,25664.0,,,,,
HR,Charkhi Dadri,941.0,11884.0,,2.0,,,
HR,Faridabad,17515.0,30156.0,18.0,7.0,,,
HR,Fatehabad,1800.0,7458.0,,,,,
HR,Gurugram,20221.0,48107.0,55.0,48.0,,,
HR,Hisar,5821.0,12364.0,2.0,,,,
HR,Jhajjar,8229.0,19599.0,1.0,,,,
HR,Jind,13366.0,21662.0,1.0,,,,
HR,Kaithal,4183.0,11836.0,,2.0,,,
HR,Karnal,8109.0,23328.0,1.0,,,,
HR,Kurukshetra,4064.0,9522.0,1.0,1.0,,,
HR,Mahendragarh,4857.0,10632.0,,,,,
HR,Nuh,10812.0,3789.0,,,,,
HR,Palwal,7558.0,9496.0,,,,,
HR,Panchkula,1786.0,10743.0,10.0,12.0,,,
HR,Panipat,7950.0,12888.0,1.0,,,,
HR,Rewari,2550.0,9877.0,,4.0,,,
HR,Rohtak,11409.0,17219.0,,1.0,,,
HR,Sirsa,4263.0,8228.0,3.0,2.0,,,
HR,Sonipat,9421.0,21065.0,,1.0,,,
HR,Yamunanagar,6471.0,16554.0,,6.0,,,
JH,Bokaro,27554.0,34375.0,15.0,13.0,,,
JH,Chatra,5946.0,11402.0,,,,,
JH,Deoghar,9801.0,19008.0,2.0,1.0,,,
JH,Dhanbad,33374.0,34095.0,24.0,13.0,,,
JH,Dumka,12679.0,22872.0,2.0,2.0,,,
JH,East Singhbhum,11994.0,29238.0,47.0,42.0,2.0,,
JH,Garhwa,17210.0,15386.0,6.0,7.0,,,
JH,Giridih,16994.0,29823.0,,,,,
JH,Godda,7385.0,16537.0,1.0,1.0,,,
JH,Gumla,4900.0,8696.0,5.0,,,,
JH,Hazaribagh,11940.0,21857.0,3.0,3.0,,,
JH,Jamtara,9614.0,12331.0,4.0,3.0,1.0,,
JH,Khunti,3335.0,3834.0,,,,,
JH,Koderma,3393.0,11488.0,,,,,
JH,Latehar,9565.0,7719.0,,,,,
JH,Lohardaga,3444.0,3563.0,,2.0,,,
JH,Pakur,9945.0,9107.0,,,,,
JH,Palamu,21657.0,37375.0,,,,,
JH,Ramgarh,5306.0,10927.0,7.0,,,,
JH,Ranchi,35099.0,38856.0,182.0,228.0,,,
JH,Sahibganj,10449.0,13687.0,,,,,
JH,Saraikela-Kharsawan,11215.0,12399.0,,,,,
JH,Simdega,1694.0,4126.0,,,,,
JH,Unknown,,,-166.0,-70.0,,,
JH,West Singhbhum,12587.0,16980.0,5.0,5.0,,,
JK,Anantnag,1472.0,30949.0,10.0,12.0,,,
JK,Bandipora,349.0,6835.0,13.0,19.0,,,
JK,Baramulla,1665.0,29357.0,96.0,64.0,,,
JK,Budgam,1409.0,22456.0,63.0,53.0,,,
JK,Doda,1065.0,19212.0,18.0,26.0,,,
JK,Ganderbal,370.0,9271.0,31.0,12.0,,,
JK,Jammu,4121.0,16781.0,20.0,37.0,,,
JK,Kathua,1867.0,22270.0,,5.0,1.0,,
JK,Kishtwar,3948.0,3385.0,1.0,,,,
JK,Kulgam,632.0,20244.0,2.0,5.0,,,
JK,Kupwara,3959.0,42820.0,25.0,25.0,,,
JK,Pulwama,1021.0,16829.0,5.0,5.0,,,
JK,Punch,695.0,27765.0,7.0,14.0,,,
JK,Rajouri,1247.0,9544.0,4.0,7.0,,,
JK,Ramban,1498.0,10369.0,3.0,,,,
JK,Reasi,1644.0,15636.0,4.0,10.0,,,
JK,Samba,1207.0,6224.0,,2.0,,,
JK,Shopiyan,139.0,7669.0,,,,,
JK,Srinagar,2788.0,80075.0,305.0,274.0,2.0,,
JK,Udhampur,2420.0,14763.0,4.0,2.0,,,
KA,Bagalkote,57683.0,22844.0,,,,,
KA,Ballari,54006.0,84805.0,9.0,14.0,,,
KA,Belagavi,39701.0,98350.0,20.0,21.0,1.0,,
KA,Bengaluru Rural,5196.0,22700.0,23.0,27.0,2.0,,
KA,Bengaluru Urban,48836.0,247281.0,1165.0,1093.0,37.0,,
KA,Bidar,13739.0,30558.0,,5.0,,,
KA,Chamarajanagara,2102.0,36658.0,6.0,15.0,,,
KA,Chikkaballapura,4700.0,19860.0,11.0,8.0,3.0,,
KA,Chikkamagaluru,4830.0,13010.0,28.0,93.0,,,
KA,Chitradurga,45062.0,47252.0,17.0,12.0,,,
KA,Dakshina Kannada,5124.0,38765.0,192.0,193.0,9.0,,
KA,Davanagere,7079.0,28149.0,10.0,11.0,1.0,,
KA,Dharwad,24515.0,35313.0,4.0,10.0,3.0,,
KA,Gadag,12373.0,16257.0,,,,,
KA,Hassan,5434.0,26697.0,147.0,125.0,5.0,,
KA,Haveri,8794.0,36386.0,1.0,2.0,1.0,,
KA,Kalaburagi,35135.0,44220.0,9.0,5.0,,,
KA,Kodagu,1558.0,12680.0,112.0,67.0,,,
KA,Kolar,13745.0,34211.0,18.0,31.0,3.0,,
KA,Koppal,16045.0,33794.0,1.0,5.0,,,
KA,Mandya,5411.0,28944.0,48.0,36.0,,,
KA,Mysuru,46664.0,111457.0,234.0,247.0,7.0,,
KA,Raichur,19900.0,34897.0,1.0,4.0,,,
KA,Ramanagara,6303.0,28767.0,8.0,10.0,2.0,,
KA,Shivamogga,23220.0,47086.0,30.0,66.0,,,
KA,Tumakuru,31038.0,66650.0,136.0,112.0,1.0,,
KA,Udupi,2422.0,27889.0,49.0,75.0,,,
KA,Uttara Kannada,3955.0,32067.0,66.0,48.0,,,
KA,Vijayapura,59571.0,50033.0,2.0,2.0,,,
KA,Yadgir,18060.0,15460.0,,2.0,,,
KL,Alappuzha,5337.0,51712.0,2035.0,2526.0,228.0,,
KL,Ernakulam,13018.0,91762.0,7647.0,8539.0,742.0,,
KL,Idukki,2211.0,27218.0,2876.0,1866.0,71.0,,
KL,Kannur,7636.0,71089.0,2611.0,3143.0,301.0,,
KL,Kasaragod,4942.0,24290.0,1054.0,1082.0,31.0,,
KL,Kollam,7368.0,62100.0,4753.0,6283.0,161.0,,
KL,Kottayam,5298.0,58083.0,4187.0,1611.0,101.0,,
KL,Kozhikode,11449.0,57479.0,5386.0,5059.0,513.0,,
KL,Malappuram,20840.0,52896.0,2634.0,2929.0,108.0,,
KL,Palakkad,8712.0,57261.0,2560.0,2544.0,175.0,,
KL,Pathanamthitta,2637.0,29343.0,2953.0,2635.0,122.0,,
KL,Thiruvananthapuram,9284.0,89297.0,7056.0,4851.0,118.0,,
KL,Thrissur,8853.0,87643.0,5751.0,3647.0,388.0,,
KL,Wayanad,2223.0,32359.0,1823.0,1691.0,30.0,,
LA,Kargil,205.0,748.0,4.0,,,,
LA,Leh,320.0,785.0,54.0,28.0,,,
LD,Lakshadweep,69.0,796.0,,,,1625.0,
MH,Ahmednagar,44180.0,28319.0,866.0,728.0,26.0,,
MH,Akola,26579.0,10081.0,3.0,7.0,,,
MH,Amravati,29961.0,21747.0,3.0,,,,
MH,Aurangabad,46323.0,34109.0,156.0,157.0,1.0,,
MH,Beed,34333.0,24584.0,69.0,35.0,5.0,,
MH,Bhandara,5080.0,16415.0,,1.0,,,
MH,Buldhana,34272.0,24089.0,16.0,16.0,1.0,,
MH,Chandrapur,22248.0,18994.0,7.0,,,,
MH,Dhule,23261.0,19364.0,5.0,4.0,,,
MH,Gadchiroli,14790.0,10994.0,2.0,5.0,,,
MH,Gondia,8593.0,23092.0,2.0,3.0,,,
MH,Hingoli,42054.0,16145.0,,3.0,,,
MH,Jalgaon,37870.0,21599.0,4.0,11.0,,,
MH,Jalna,112537.0,35713.0,15.0,47.0,,,
MH,Kolhapur,19104.0,23088.0,55.0,115.0,2.0,,
MH,Latur,82644.0,33519.0,39.0,,3.0,,
MH,Mumbai,98915.0,219736.0,2242.0,2604.0,34.0,,7.0
MH,Nagpur,58567.0,71818.0,35.0,43.0,,,
MH,Nanded,144423.0,41697.0,28.0,22.0,,,
MH,Nandurbar,19572.0,12517.0,2.0,1.0,,,
MH,Nashik,143768.0,58112.0,456.0,519.0,12.0,,
MH,Osmanabad,44954.0,11658.0,89.0,154.0,1.0,,
MH,Palghar,32112.0,39231.0,204.0,326.0,,,
MH,Parbhani,44477.0,20480.0,13.0,9.0,1.0,,
MH,Pune,85256.0,136336.0,1536.0,5294.0,20.0,,
MH,Raigad,21737.0,31684.0,267.0,359.0,10.0,,
MH,Ratnagiri,10880.0,7924.0,91.0,160.0,4.0,,
MH,Sangli,11974.0,19041.0,155.0,375.0,4.0,,
MH,Satara,16690.0,30950.0,157.0,501.0,17.0,,
MH,Sindhudurg,3915.0,5195.0,91.0,259.0,4.0,,
MH,Solapur,77398.0,34204.0,253.0,370.0,11.0,,
MH,Thane,108643.0,120708.0,1241.0,3002.0,44.0,,
MH,Wardha,16481.0,14040.0,5.0,4.0,,,
MH,Washim,30932.0,19238.0,4.0,5.0,,,
MH,Yavatmal,56233.0,26091.0,6.0,7.0,,,
ML,East Garo Hills,482.0,1424.0,5.0,2.0,,,
ML,East Jaintia Hills,483.0,2964.0,2.0,3.0,,,
ML,East Khasi Hills,1847.0,10698.0,171.0,286.0,2.0,,
ML,North Garo Hills,596.0,3614.0,3.0,2.0,,,
ML,Ribhoi,884.0,3492.0,14.0,23.0,,,
ML,South Garo Hills,329.0,1346.0,,1.0,,,
ML,South West Garo Hills,924.0,4509.0,3.0,3.0,,,
ML,South West Khasi Hills,61.0,552.0,6.0,1.0,,,
ML,West Garo Hills,1409.0,8093.0,8.0,11.0,,,
ML,West Jaintia Hills,411.0,3480.0,11.0,31.0,2.0,,
ML,West Khasi Hills,443.0,1763.0,33.0,97.0,,,
MN,Bishnupur,685.0,8679.0,,,,,
MN,Chandel,98.0,1337.0,,,,,
MN,Churachandpur,345.0,3560.0,,,,,
MN,Imphal East,2402.0,19169.0,,,,,
MN,Imphal West,1861.0,17353.0,,,,,
MN,Jiribam,70.0,1927.0,,,,,
MN,Kakching,214.0,2450.0,,,,,
MN,Kamjong,129.0,736.0,,,,,
MN,Kangpokpi,291.0,1472.0,,,,,
MN,Noney,98.0,1211.0,,,,,
MN,Pherzawl,55.0,711.0,,,,,
MN,Senapati,425.0,1940.0,,,,,
MN,Tamenglong,174.0,1204.0,,,,,
MN,Tengnoupal,93.0,1176.0,,,,,
MN,Thoubal,378.0,6574.0,,,,,
MN,Ukhrul,362.0,1775.0,,,,,
MN,Unknown,,,439.0,652.0,10.0,,
MP,Agar Malwa,965.0,16911.0,,,,,
MP,Alirajpur,921.0,8076.0,,,,,
MP,Anuppur,995.0,18360.0,,,,,
MP,Ashoknagar,1258.0,17334.0,,,,,
MP,Balaghat,15838.0,71692.0,2.0,,,,
MP,Barwani,1615.0,16619.0,,,,,
MP,Betul,2361.0,31953.0,1.0,,,,
MP,Bhind,1525.0,30042.0,,,,,
MP,Bhopal,4130.0,38750.0,38.0,,,,
MP,Burhanpur,762.0,6561.0,,,,,
MP,Chhatarpur,3103.0,27937.0,,,,,
MP,Chhindwara,4654.0,93453.0,2.0,,,,
MP,Damoh,4298.0,52314.0,,,,,
MP,Datia,1963.0,45226.0,,,,,
MP,Dewas,1804.0,22992.0,,,,,
MP,Dhar,5034.0,83699.0,7.0,,,,
MP,Dindori,1342.0,21481.0,,,,,
MP,Guna,3347.0,32837.0,,,,,
MP,Gwalior,8800.0,41193.0,2.0,,,,
MP,Harda,1075.0,24810.0,,,,,
MP,Hoshangabad,1498.0,39507.0,,,,,
MP,Indore,4233.0,45203.0,39.0,,,,
MP,Jabalpur,5968.0,156306.0,3.0,,,,
MP,Jhabua,3578.0,21040.0,1.0,,,,
MP,Katni,2926.0,42360.0,,,,,
MP,Khandwa,880.0,13668.0,,,,,
MP,Khargone,3049.0,32932.0,,,,,
MP,Mandla,2286.0,53670.0,,,,,
MP,Mandsaur,2058.0,37337.0,,,,,
MP,Morena,2814.0,112629.0,,,,,
MP,Narsinghpur,1266.0,34365.0,5.0,,,,
MP,Neemuch,970.0,17955.0,,,,,
MP,Panna,2633.0,18657.0,,,,,
MP,Raisen,1644.0,22044.0,,,,,
MP,Rajgarh,2483.0,41531.0,1.0,,,,
MP,Ratlam,1894.0,51080.0,,,,,
MP,Rewa,6664.0,104963.0,,,,,
MP,Sagar,6321.0,60800.0,2.0,,,,
MP,Satna,3426.0,40519.0,,,,,
MP,Sehore,2325.0,32101.0,,,,,
MP,Seoni,2162.0,38081.0,,,,,
MP,Shahdol,857.0,22928.0,,,,,
MP,Shajapur,1971.0,51596.0,,,,,
MP,Sheopur,1338.0,16952.0,,,,,
MP,Shivpuri,3082.0,38901.0,,,,,
MP,Sidhi,1867.0,19145.0,,,,,
MP,Singrauli,3052.0,21200.0,1.0,,,,
MP,Tikamgarh,3331.0,24497.0,,,,,
MP,Ujjain,4210.0,65566.0,1.0,,,,
MP,Umaria,955.0,28084.0,,,,,
MP,Unknown,,,,74.0,1.0,,
MP,Vidisha,1222.0,26130.0,,,,,
MZ,Aizawl,443.0,3740.0,1996.0,3014.0,6.0,,
MZ,Champhai,344.0,572.0,299.0,319.0,3.0,,
MZ,Hnahthial,,,143.0,185.0,,,
MZ,Khawzawl,,,42.0,26.0,,,
MZ,Kolasib,153.0,738.0,94.0,154.0,,,
MZ,Lawngtlai,2765.0,1838.0,98.0,245.0,1.0,,
MZ,Lunglei,263.0,1493.0,662.0,507.0,1.0,,
MZ,Mamit,228.0,1322.0,241.0,265.0,5.0,,
MZ,Saiha,68.0,1116.0,107.0,345.0,5.0,,
MZ,Saitual,,,30.0,53.0,,,
MZ,Serchhip,36.0,431.0,386.0,572.0,,,
NL,Dimapur,2827.0,12731.0,68.0,73.0,2.0,,10.0
NL,Kiphire,116.0,357.0,2.0,1.0,,,
NL,Kohima,509.0,3038.0,23.0,24.0,,,2.0
NL,Longleng,26.0,181.0,,7.0,,,
NL,Mokokchung,146.0,2026.0,23.0,5.0,2.0,,
NL,Mon,243.0,1864.0,1.0,,,,
NL,Peren,189.0,613.0,1.0,1.0,,,
NL,Phek,99.0,496.0,4.0,1.0,,,1.0
NL,Tuensang,106.0,525.0,2.0,28.0,1.0,,
NL,Wokha,122.0,1074.0,6.0,4.0,,,
NL,Zunheboto,331.0,807.0,,,1.0,,
OR,Angul,21629.0,23378.0,16.0,20.0,2.0,,
OR,Balangir,20119.0,39059.0,4.0,15.0,,,
OR,Balasore,78274.0,35314.0,67.0,80.0,1.0,,
OR,Bargarh,52192.0,32028.0,18.0,16.0,,,
OR,Bhadrak,14511.0,38206.0,44.0,39.0,1.0,,
OR,Boudh,7009.0,16754.0,,4.0,,,
OR,Cuttack,75381.0,45717.0,277.0,304.0,1.0,,
OR,Deogarh,1126.0,4779.0,41.0,10.0,,,
OR,Dhenkanal,18302.0,23327.0,25.0,16.0,,,
OR,Gajapati,4770.0,10942.0,15.0,11.0,,,
OR,Ganjam,27002.0,112716.0,22.0,18.0,,,
OR,Jagatsinghpur,28276.0,25051.0,76.0,78.0,1.0,,
OR,Jajpur,30726.0,37471.0,75.0,73.0,,,
OR,Jharsuguda,7187.0,14725.0,13.0,10.0,,,
OR,Kalahandi,38214.0,26926.0,15.0,1.0,,,
OR,Kandhamal,12881.0,12319.0,,5.0,,,
OR,Kendrapara,28635.0,34297.0,62.0,52.0,1.0,,
OR,Kendujhar,25529.0,46488.0,4.0,3.0,2.0,,
OR,Khordha,34733.0,49859.0,1492.0,1654.0,8.0,,
OR,Koraput,13011.0,35701.0,11.0,20.0,,,
OR,Malkangiri,13449.0,16141.0,2.0,4.0,,,
OR,Mayurbhanj,86170.0,36315.0,126.0,93.0,5.0,,
OR,Nabarangapur,13213.0,18025.0,1.0,2.0,,,
OR,Nayagarh,7145.0,22575.0,28.0,24.0,1.0,,
OR,Nuapada,3391.0,14721.0,36.0,5.0,,,
OR,Puri,25187.0,40854.0,68.0,69.0,1.0,,
OR,Rayagada,5781.0,16558.0,18.0,16.0,,,
OR,Sambalpur,8960.0,31518.0,88.0,113.0,,,
OR,State Pool,,,338.0,401.0,,,
OR,Subarnapur,8102.0,31803.0,5.0,3.0,,,
OR,Sundargarh,19935.0,22587.0,59.0,71.0,,,
PB,Amritsar,23376.0,18084.0,23.0,9.0,2.0,,
PB,Barnala,9552.0,5253.0,2.0,,,,
PB,Bathinda,8246.0,6940.0,15.0,8.0,,,
PB,Faridkot,3048.0,4201.0,7.0,7.0,,,
PB,Fatehgarh Sahib,2513.0,4804.0,2.0,1.0,1.0,,
PB,Fazilka,8408.0,5707.0,8.0,4.0,,,
PB,Ferozepur,4483.0,4723.0,13.0,9.0,,,
PB,Gurdaspur,18212.0,26825.0,3.0,3.0,1.0,,
PB,Hoshiarpur,6567.0,17487.0,10.0,12.0,2.0,,
PB,Jalandhar,13877.0,22309.0,20.0,12.0,1.0,,
PB,Kapurthala,5387.0,6146.0,2.0,7.0,,,
PB,Ludhiana,41184.0,30055.0,16.0,24.0,1.0,,
PB,Mansa,5340.0,4111.0,,1.0,,,
PB,Moga,5076.0,6757.0,1.0,8.0,,,
PB,Pathankot,1762.0,6090.0,20.0,7.0,,,
PB,Patiala,7659.0,10721.0,6.0,15.0,,,
PB,Rupnagar,1965.0,5708.0,20.0,7.0,,,
PB,S.A.S. Nagar,4914.0,9234.0,18.0,21.0,,,
PB,Sangrur,13224.0,9058.0,3.0,3.0,,,
PB,Shahid Bhagat Singh Nagar,2473.0,4917.0,1.0,1.0,,,
PB,Sri Muktsar Sahib,3942.0,5830.0,2.0,,,,
PB,Tarn Taran,8846.0,8145.0,,3.0,,,
PY,Karaikal,763.0,2980.0,53.0,63.0,,,
PY,Mahe,109.0,1003.0,58.0,46.0,,,
PY,Puducherry,7191.0,15005.0,163.0,202.0,,,
PY,Yanam,259.0,1082.0,4.0,4.0,,,
RJ,Ajmer,9133.0,56199.0,6.0,8.0,,,
RJ,Alwar,21681.0,29417.0,,,,,
RJ,Banswara,10612.0,22206.0,,,,,
RJ,Baran,6599.0,15157.0,1.0,,,,
RJ,Barmer,5670.0,16673.0,1.0,,,,
RJ,Bharatpur,10069.0,22595.0,,,,,
RJ,Bhilwara,5405.0,26146.0,,,,,
RJ,Bikaner,6565.0,17712.0,2.0,1.0,,,
RJ,Bundi,12488.0,24243.0,,,,,
RJ,Chittorgarh,6118.0,29167.0,,,,,
RJ,Churu,5483.0,26038.0,,,,,
RJ,Dausa,5627.0,29672.0,,,,,
RJ,Dholpur,4270.0,11868.0,,2.0,,,
RJ,Dungarpur,6673.0,19241.0,,,,,
RJ,Ganganagar,11153.0,29478.0,1.0,,,,
RJ,Hanumangarh,5057.0,30733.0,,,,,
RJ,Jaipur,24518.0,63582.0,16.0,9.0,,,
RJ,Jaisalmer,2951.0,9700.0,,,,,
RJ,Jalore,9304.0,26896.0,,,,,
RJ,Jhalawar,2527.0,16443.0,,,,,
RJ,Jhunjhunu,7946.0,42099.0,,,,,
RJ,Jodhpur,7707.0,22507.0,,3.0,,,
RJ,Karauli,19063.0,20813.0,,,,,
RJ,Kota,2612.0,26626.0,,,,,
RJ,Nagaur,6806.0,36157.0,,,,,
RJ,Pali,7082.0,26853.0,,1.0,,,
RJ,Pratapgarh,1130.0,25717.0,,,,,
RJ,Rajsamand,4092.0,14945.0,,,,,
RJ,Sawai Madhopur,8475.0,18843.0,,2.0,,,
RJ,Sikar,4520.0,20308.0,,,,,
RJ,Sirohi,9007.0,15482.0,,,,,
RJ,Tonk,2623.0,16223.0,,,,,
RJ,Udaipur,16803.0,51655.0,,,,,
SK,East Sikkim,528.0,10519.0,,,,,
SK,North Sikkim,23.0,447.0,,,,,
SK,South Sikkim,164.0,2223.0,,,,,
SK,Unknown,,,79.0,76.0,2.0,,6.0
SK,West Sikkim,67.0,855.0,,,,,
TG,Adilabad,11894.0,12694.0,,,,,
TG,Bhadradri Kothagudem,30988.0,31905.0,,,,,
TG,Hyderabad,48855.0,123025.0,,,,,
TG,Jagtial,50253.0,17153.0,,,,,
TG,Jangaon,20821.0,11508.0,,,,,
TG,Jayashankar Bhupalapally,4191.0,23712.0,,,,,
TG,Jogulamba Gadwal,23908.0,6281.0,,,,,
TG,Kamareddy,14692.0,16918.0,,,,,
TG,Karimnagar,12731.0,45384.0,,,,,
TG,Khammam,41893.0,68994.0,,,,,
TG,Komaram Bheem,17465.0,4048.0,,,,,
TG,Mahabubabad,36700.0,27419.0,,,,,
TG,Mahabubnagar,32811.0,19635.0,,,,,
TG,Mancherial,22489.0,15600.0,,,,,
TG,Medak,34422.0,25162.0,,,,,
TG,Medchal Malkajgiri,54568.0,93893.0,,,,,
TG,Mulugu,4190.0,10660.0,,,,,
TG,Nagarkurnool,30265.0,5469.0,,,,,
TG,Nalgonda,105864.0,33747.0,,,,,
TG,Narayanpet,14266.0,3428.0,,,,,
TG,Nirmal,16044.0,8396.0,,,,,
TG,Nizamabad,67852.0,21328.0,,,,,
TG,Peddapalli,18954.0,19908.0,,,,,
TG,Rajanna Sircilla,7398.0,17056.0,,,,,
TG,Ranga Reddy,76853.0,93482.0,,,,,
TG,Sangareddy,77693.0,32539.0,,,,,
TG,Siddipet,35164.0,25015.0,,,,,
TG,Suryapet,38975.0,24793.0,,,,,
TG,Unknown,,,1189.0,1121.0,9.0,,
TG,Vikarabad,20014.0,5848.0,,,,,
TG,Wanaparthy,13905.0,10313.0,,,,,
TG,Warangal Rural,25045.0,13208.0,,,,,
TG,Warangal Urban,21854.0,63907.0,,,,,
TG,Yadadri Bhuvanagiri,38752.0,28567.0,,,,,
TN,Airport Quarantine,,,1.0,1.0,,,
TN,Ariyalur,19203.0,29689.0,35.0,44.0,1.0,,
TN,Chengalpattu,26704.0,39438.0,627.0,706.0,5.0,,
TN,Chennai,52515.0,124932.0,880.0,1093.0,12.0,,
TN,Coimbatore,20971.0,79387.0,869.0,988.0,15.0,,
TN,Cuddalore,51773.0,101735.0,129.0,132.0,,,
TN,Dharmapuri,13388.0,27153.0,110.0,161.0,1.0,,
TN,Dindigul,19630.0,57260.0,58.0,51.0,1.0,,
TN,Erode,16741.0,46724.0,477.0,573.0,4.0,,
TN,Kallakurichi,22603.0,52087.0,66.0,118.0,,,
TN,Kancheepuram,13961.0,24360.0,225.0,259.0,2.0,,
TN,Kanyakumari,17732.0,51185.0,120.0,102.0,,,
TN,Karur,5882.0,32339.0,136.0,90.0,1.0,,
TN,Krishnagiri,15883.0,37027.0,134.0,160.0,1.0,,
TN,Madurai,26340.0,42498.0,99.0,122.0,3.0,,
TN,Mayiladuthurai,,,41.0,80.0,,,
TN,Nagapattinam,8662.0,23176.0,97.0,121.0,10.0,,
TN,Namakkal,12694.0,28265.0,315.0,397.0,2.0,,
TN,Nilgiris,1613.0,31952.0,124.0,220.0,3.0,,
TN,Perambalur,4307.0,17440.0,26.0,27.0,,,
TN,Pudukkottai,10691.0,34202.0,75.0,68.0,2.0,,
TN,Ramanathapuram,9961.0,32447.0,25.0,55.0,,,
TN,Ranipet,10793.0,13744.0,69.0,73.0,2.0,,
TN,Salem,25814.0,66134.0,427.0,442.0,3.0,,
TN,Sivaganga,10170.0,31816.0,82.0,78.0,,,
TN,Tenkasi,16935.0,21454.0,25.0,14.0,,,
TN,Thanjavur,49025.0,31228.0,310.0,428.0,6.0,,
TN,Theni,11199.0,33309.0,15.0,23.0,1.0,,
TN,Thiruvallur,25332.0,47695.0,252.0,396.0,3.0,,
TN,Thiruvarur,13453.0,29614.0,170.0,253.0,5.0,,
TN,Thoothukkudi,46323.0,22453.0,85.0,90.0,1.0,,
TN,Tiruchirappalli,32150.0,48874.0,302.0,334.0,5.0,,
TN,Tirunelveli,22582.0,19904.0,93.0,125.0,1.0,,
TN,Tirupathur,11111.0,24743.0,50.0,66.0,,,
TN,Tiruppur,20414.0,50762.0,504.0,537.0,5.0,,
TN,Tiruvannamalai,31415.0,73235.0,120.0,158.0,,,
TN,Vellore,18978.0,31716.0,117.0,139.0,1.0,,
TN,Viluppuram,53748.0,67153.0,79.0,83.0,1.0,,
TN,Virudhunagar,16628.0,50467.0,38.0,45.0,,,
TR,Dhalai,264.0,11234.0,1.0,2.0,,,
TR,Gomati,319.0,9611.0,8.0,3.0,,,
TR,Khowai,373.0,5866.0,3.0,,,,
TR,North Tripura,352.0,4099.0,4.0,8.0,,,
TR,Sipahijala,451.0,10397.0,8.0,4.0,,,
TR,South Tripura,267.0,5639.0,4.0,1.0,,,
TR,Unokoti,762.0,10307.0,4.0,3.0,,,
TR,West Tripura,1366.0,17141.0,55.0,41.0,,,
UP,Agra,23657.0,42953.0,,2.0,,,
UP,Aligarh,34650.0,57576.0,,,,,
UP,Ambedkar Nagar,21528.0,32042.0,1.0,,,,
UP,Amethi,19777.0,37617.0,,2.0,,,
UP,Amroha,16080.0,23048.0,,,,,
UP,Auraiya,6878.0,16443.0,,,,,
UP,Ayodhya,26036.0,37279.0,,1.0,,,
UP,Azamgarh,41754.0,63205.0,2.0,,,,
UP,Baghpat,7829.0,24151.0,,,,,
UP,Bahraich,54069.0,106010.0,,,,,
UP,Ballia,29248.0,48334.0,,,,,
UP,Balrampur,21033.0,56322.0,2.0,,,,
UP,Banda,38560.0,36938.0,1.0,,,,
UP,Barabanki,51121.0,59870.0,1.0,,,,
UP,Bareilly,68245.0,64148.0,1.0,1.0,,,
UP,Basti,24797.0,39395.0,2.0,,,,
UP,Bhadohi,15479.0,20211.0,,1.0,,,
UP,Bijnor,27491.0,53680.0,,,,,
UP,Budaun,53729.0,43678.0,,,,,
UP,Bulandshahr,18195.0,42644.0,,,1.0,,
UP,Chandauli,19998.0,31247.0,,1.0,,,
UP,Chitrakoot,13007.0,16383.0,,,,,
UP,Deoria,29495.0,67895.0,,,,,
UP,Etah,16622.0,25756.0,,,,,
UP,Etawah,52312.0,35349.0,,,,,
UP,Farrukhabad,15703.0,28433.0,1.0,,,,
UP,Fatehpur,13675.0,42615.0,1.0,,,,
UP,Firozabad,66838.0,47728.0,,,,,
UP,Gautam Buddha Nagar,22023.0,43162.0,6.0,13.0,,,
UP,Ghaziabad,47837.0,71692.0,3.0,2.0,,,
UP,Ghazipur,22615.0,43797.0,,2.0,,,
UP,Gonda,22042.0,51150.0,,,,,
UP,Gorakhpur,33169.0,69539.0,1.0,4.0,,,
UP,Hamirpur,11985.0,14350.0,,,,,
UP,Hapur,15823.0,21964.0,,2.0,,,
UP,Hardoi,29546.0,66612.0,,,,,
UP,Hathras,16507.0,25542.0,,,,,
UP,Jalaun,14119.0,21614.0,3.0,,,,
UP,Jaunpur,41689.0,67101.0,,2.0,,,
UP,Jhansi,10719.0,25914.0,1.0,,,,
UP,Kannauj,24440.0,44639.0,,,,,
UP,Kanpur Dehat,27985.0,38783.0,,,,,
UP,Kanpur Nagar,64788.0,66517.0,3.0,1.0,,,
UP,Kasganj,8148.0,13675.0,,,,,
UP,Kaushambi,38263.0,28403.0,1.0,,,,
UP,Kushinagar,16785.0,46465.0,,,,,
UP,Lakhimpur Kheri,46453.0,51586.0,1.0,,,,
UP,Lalitpur,8010.0,13539.0,1.0,,,,
UP,Lucknow,69404.0,107763.0,10.0,10.0,,,
UP,Maharajganj,20643.0,36312.0,,,,,
UP,Mahoba,4765.0,8960.0,,,,,
UP,Mainpuri,31507.0,37443.0,,,,,
UP,Mathura,10807.0,23027.0,1.0,1.0,,,
UP,Mau,25202.0,32390.0,1.0,1.0,,,
UP,Meerut,25100.0,57600.0,13.0,3.0,,,
UP,Mirzapur,24968.0,41785.0,,1.0,,,
UP,Moradabad,52013.0,39070.0,,1.0,,,
UP,Muzaffarnagar,15476.0,38924.0,1.0,,,,
UP,Pilibhit,9611.0,17989.0,,,,,
UP,Pratapgarh,40603.0,47832.0,,,,,
UP,Prayagraj,75719.0,79660.0,1.0,6.0,,,
UP,Rae Bareli,33906.0,46996.0,,,,,
UP,Rampur,23526.0,28753.0,2.0,,,,
UP,Saharanpur,19216.0,33326.0,,,,,
UP,Sambhal,27630.0,23914.0,,,,,
UP,Sant Kabir Nagar,44511.0,26920.0,,,,,
UP,Shahjahanpur,185421.0,79519.0,,,,,
UP,Shamli,12602.0,16389.0,,,,,
UP,Shrawasti,7342.0,17808.0,,,,,
UP,Siddharthnagar,18746.0,53973.0,,,,,
UP,Sitapur,33825.0,52112.0,,,,,
UP,Sonbhadra,21438.0,24430.0,,,,,
UP,Sultanpur,14962.0,31247.0,,,,,
UP,Unnao,26506.0,41790.0,,,,,
UP,Varanasi,38187.0,55104.0,2.0,1.0,,,
UT,Almora,729.0,10440.0,7.0,7.0,,,2.0
UT,Bageshwar,371.0,6323.0,1.0,,,,
UT,Chamoli,822.0,11652.0,4.0,4.0,,,
UT,Champawat,754.0,6007.0,3.0,,,,5.0
UT,Dehradun,5963.0,49795.0,30.0,24.0,,,2.0
UT,Haridwar,3960.0,52191.0,10.0,8.0,1.0,,1.0
UT,Nainital,2285.0,16850.0,10.0,14.0,,,
UT,Pauri Garhwal,2116.0,14253.0,3.0,5.0,,,
UT,Pithoragarh,930.0,10608.0,3.0,6.0,,,
UT,Rudraprayag,416.0,6212.0,,3.0,,,
UT,Tehri Garhwal,2235.0,15658.0,,,,,
UT,Udham Singh Nagar,3588.0,48283.0,,3.0,,,
UT,Uttarkashi,1063.0,9910.0,4.0,,,,2.0
WB,Alipurduar,38488.0,29790.0,31.0,35.0,,,
WB,Bankura,220390.0,76120.0,161.0,133.0,1.0,,
WB,Birbhum,99629.0,84919.0,176.0,102.0,,,
WB,Cooch Behar,122592.0,26214.0,77.0,93.0,,,
WB,Dakshin Dinajpur,53398.0,21657.0,111.0,108.0,1.0,,
WB,Darjeeling,21148.0,69087.0,189.0,214.0,1.0,,
WB,Hooghly,274722.0,105570.0,472.0,497.0,2.0,,
WB,Howrah,207351.0,95203.0,518.0,473.0,2.0,,
WB,Jalpaiguri,53967.0,63773.0,102.0,120.0,6.0,,
WB,Jhargram,39020.0,19553.0,25.0,39.0,,,
WB,Kalimpong,513.0,10626.0,18.0,28.0,,,
WB,Kolkata,36977.0,206020.0,1843.0,1553.0,25.0,,
WB,Malda,227391.0,55976.0,77.0,51.0,,,
WB,Murshidabad,621102.0,86224.0,48.0,40.0,1.0,,
WB,Nadia,251739.0,89327.0,302.0,326.0,8.0,,
WB,North 24 Parganas,235852.0,241201.0,1066.0,961.0,27.0,,
WB,Paschim Bardhaman,94473.0,72103.0,213.0,149.0,1.0,,
WB,Paschim Medinipur,270458.0,66132.0,181.0,198.0,1.0,,
WB,Purba Bardhaman,260764.0,51741.0,147.0,176.0,2.0,,
WB,Purba Medinipur,71724.0,144185.0,94.0,120.0,1.0,,
WB,Purulia,159111.0,40922.0,17.0,21.0,,,
WB,South 24 Parganas,310444.0,169231.0,542.0,470.0,5.0,,
WB,Uttar Dinajpur,130243.0,44686.0,43.0,46.0,2.0,,
